{
  "_generated": "Generated by SweetTooth, do not edit",
  "description": "Add a power off button to easily turn off your computer.\nThis button replaces the power off icon in the system area of the Gnome panel.\nYou no longer need to open the system menu to turn off your computer.",
  "name": "Gnome-Shutdown Button",
  "shell-version": [
    "3.12",
    "3.14",
    "3.16",
    "3.18",
    "3.20",
    "3.22",
    "3.24",
    "3.26",
    "3.28",
    "3.36",
    "40",
    "41",
    "42"
  ],
  "url": "https://gitlab.gnome.org/kirby_33/gnome-shutdown-button/",
  "uuid": "gnome-shutdown-button@kirby_33@hotmail.fr",
  "version": 6
}