<?xml version="1.0" encoding="UTF-8"?>
<schemalist>
  <schema id="org.gnome.shell.extensions.horizontal-workspace-indicator" path="/org/gnome/shell/extensions/horizontal-workspace-indicator/">
    <key name="widget-position" type="s">
      <choices>
        <choice value="right"/>
        <choice value="center"/>
        <choice value="left"/>
      </choices>
      <default>'right'</default>
      <summary>Widget position</summary>
      <description>This specifies the position of widget on the left, center or right of top panel.</description>
    </key>
    <key name="widget-orientation" type="s">
      <choices>
        <choice value="horizontal"/>
        <choice value="vertical"/>
      </choices>
      <default>'horizontal'</default>
      <summary>Widget orientation</summary>
      <description>This specifies the orientation of the dots in the widget, horizontal or vertical (for vertical panels).</description>
    </key>
    <key name="icons-style" type="s">
      <choices>
        <choice value="circles"/>
        <choice value="lines"/>
      </choices>
      <default>'circles'</default>
      <summary>Icons style</summary>
      <description>This specifies icons style.</description>
    </key>
  </schema>
</schemalist>
