{
  "_generated": "Generated by SweetTooth, do not edit",
  "description": "Dynamic lock for GNOME. Use your smart phone/watch/band to lock your desktop automatically when you step away.\n\nWhen your device is out of bluetooth range or get disconnected, it will lock your desktop automatically.",
  "gettext-domain": "bluetooth-smartlock",
  "name": "Bluetooth Smart Lock",
  "settings-schema": "org.gnome.shell.extensions.bluetooth_smartlock",
  "shell-version": [
    "42",
    "43"
  ],
  "url": "https://github.com/ba0f3/gnome-bluetooth-smartlock",
  "uuid": "smartlock@huy.im",
  "version": 14
}