{
  "_generated": "Generated by SweetTooth, do not edit",
  "description": "Display the current weather beside the clock (while also keeping it centered) and click the indicator to open GNOME Weather, which is required for this extension to function properly.\n\nThis is a fork of the Weather O'Clock extension.",
  "name": "Weather or Not",
  "original-author": "somepaulo@duck.com",
  "shell-version": [
    "42",
    "43",
    "44"
  ],
  "url": "https://github.com/somepaulo/gnome-shell-extension-weather-or-not",
  "uuid": "weatherornot@somepaulo.github.io",
  "version": 5
}