<schemalist gettext-domain="gnome-shell-extensions">
  <enum id="org.gnome.shell.extensions.smart-auto-move.sync-mode-enum">
    <value value="0" nick="IGNORE" />
    <value value="1" nick="RESTORE" />
  </enum>
  <schema id="org.gnome.shell.extensions.smart-auto-move" path="/org/gnome/shell/extensions/smart-auto-move/">
    <key name="saved-windows" type="s">
      <default>'{}'</default>
      <summary>Saved Windows</summary>
      <description>Persisted window data serialized to JSON.</description>
    </key>
    <key name="debug-logging" type="b">
      <default>false</default>
      <summary>Debug Logging</summary>
      <description>Write detailed logs about extension behavior.</description>
    </key>
    <key name="startup-delay" type="i">
      <default>2500</default>
      <summary>Startup Delay (ms)</summary>
      <description>Period of time in milliseconds to wait between seeing a window and writing it to the in-memory store.</description>
    </key>
    <key name="sync-frequency" type="i">
      <default>100</default>
      <summary>Sync Frequency (ms)</summary>
      <description>Frequency in milliseconds to synchronize changes to active windows into the in-memory store.</description>
    </key>
    <key name="save-frequency" type="i">
      <default>1000</default>
      <summary>Save Frequency (ms)</summary>
      <description>Frequency in milliseconds to persist the in-memory store to disk.</description>
    </key>
    <key name="match-threshold" type="d">
      <default>0.7</default>
      <summary>Match Threshold</summary>
      <description>Minimum threshold for matching restored windows.</description>
    </key>
    <key name="sync-mode" enum="org.gnome.shell.extensions.smart-auto-move.sync-mode-enum">
      <default>'RESTORE'</default>
      <summary>Sync Mode</summary>
      <description>Default mode when synchronizing windows.</description>
    </key>
    <key name="overrides" type="s">
      <default>'{}'</default>
      <summary>Overrides</summary>
      <description>Overrides for restored window data.</description>
    </key>
    <key name="freeze-saves" type="b">
      <default>false</default>
      <summary>Freeze Saves</summary>
      <description>Do not update saved window data.</description>
    </key>
    <key name="activate-workspace" type="b">
      <default>true</default>
      <summary>Activate Workspace</summary>
      <description>Follow apps when they are moved to another workspace.</description>
    </key>
    <key name="ignore-position" type="b">
      <default>false</default>
      <summary>Ignore position</summary>
      <description>Do not restore windows' position.</description>
    </key>
    <key name="ignore-workspace" type="b">
      <default>false</default>
      <summary>Ignore workspace</summary>
      <description>Do not restore windows' workspace.</description>
    </key>
  </schema>
</schemalist>
