{
  "_generated": "Generated by SweetTooth, do not edit",
  "description": "Workspace indicator shows the amount of opened workspaces and highlights the current one using unicode characters. \nYou can use it as an indicator only but widget is clickable. Left button click: move to left, right click: move right. Middle click calls overview.\nThere are options to customize look of the widget, check settings for that.\nTo apply changes turn the widget off and on again.\nIf your indicator looks different from one on screen shot, install DejaVu Serif or Ubuntu font.",
  "name": "Workspace indicator",
  "settings-schema": "org.gnome.shell.extensions.horizontal-workspace-indicator",
  "shell-version": [
    "40",
    "41",
    "42",
    "43",
    "44"
  ],
  "url": "https://github.com/tty2/horizontal-workspace-indicator",
  "uuid": "horizontal-workspace-indicator@tty2.io",
  "version": 19
}