<?xml version="1.0" encoding="UTF-8"?>
<schemalist gettext-domain="gnome-shell-extension-color-picker">
    <schema path="/org/gnome/shell/extensions/color-picker/" id="org.gnome.shell.extensions.color-picker">
        <key type="b" name="enable-systray">
            <default>true</default>
            <summary>enabe system tray</summary>
        </key>
        <key type="b" name="enable-shortcut">
            <default>false</default>
            <summary>enable shortcut</summary>
        </key>
        <key type="b" name="enable-notify">
            <default>true</default>
            <summary>enable notify</summary>
        </key>
        <key type="b" name="persistent-mode">
            <default>false</default>
            <summary>persistent mode</summary>
        </key>
        <key type="b" name="auto-copy">
            <default>true</default>
            <summary>auto copy color to clipboard</summary>
        </key>
        <key type="b" name="enable-preview">
            <default>true</default>
            <summary>enable preview</summary>
        </key>
        <key type="as" name="color-picker-shortcut">
            <default><![CDATA[['<Super>0']]]></default>
            <summary>shortcut to pick color</summary>
        </key>
        <key type="s" name="colors-history">
            <default>""</default>
            <summary>picked colors history</summary>
        </key>
        <key type="s" name="colors-collection">
            <default>""</default>
            <summary>picked colors collection</summary>
        </key>
        <key type="s" name="systray-dropper-icon">
            <default>""</default>
            <summary>systray dropper icon</summary>
        </key>
        <key type="u" name="notify-style">
            <range min="0" max="1"/>
            <default>0</default>
            <summary>notify style: 0-MSG 1-OSD</summary>
        </key>
        <key type="u" name="menu-size">
            <range min="1" max="16"/>
            <default>8</default>
            <summary>menu item size</summary>
        </key>
        <key type="b" name="menu-style">
            <default>false</default>
            <summary>menu style: false-history true-collection</summary>
        </key>
    </schema>
</schemalist>
