{
  "_generated": "Generated by SweetTooth, do not edit",
  "description": "Allows to customize the date format on the panel.",
  "extension-id": "panel-date-format@atareao.es",
  "gettext-domain": "panel-date-format@atareao.es",
  "icon": "panel-date-format",
  "name": "Panel Date Format",
  "settings-schema": "org.gnome.shell.extensions.panel-date-format",
  "shell-version": [
    "40",
    "41",
    "42"
  ],
  "url": "https://github.com/atareao/panel-date-format",
  "uuid": "panel-date-format@atareao.es",
  "version": 8
}