{
  "_generated": "Generated by SweetTooth, do not edit",
  "description": "Smart Auto Move learns the size and position of your application windows and restores them to the correct place on subsequent launches. Supports Wayland.\n\nNOTE: Optimized for use with static workspaces. For more control, can be set to default IGNORE and then selectively RESTORE only desired apps.",
  "name": "Smart Auto Move",
  "original-author": "khimaros",
  "settings-path": "/org/gnome/shell/extensions/smart-auto-move/",
  "settings-schema": "org.gnome.shell.extensions.smart-auto-move",
  "shell-version": [
    "41",
    "42",
    "43",
    "44"
  ],
  "url": "https://github.com/khimaros/smart-auto-move",
  "uuid": "smart-auto-move@khimaros.com",
  "version": 20
}