<?xml version="1.0" encoding="UTF-8"?>
<schemalist gettext-domain="public-ip-address">
    <enum id="org.gnome.shell.extensions.public-ip-address.position">
        <value value="0" nick="left"/>
        <value value="1" nick="center"/>
        <value value="2" nick="right"/>
    </enum>
    <enum id="org.gnome.shell.extensions.public-ip-address.panel-actors">
        <value value="0" nick="Flag and IP Address"/>
        <value value="1" nick="Flag"/>
        <value value="2" nick="IP Address"/>
    </enum>
    <schema path="/org/gnome/shell/extensions/public-ip-address/" id="org.gnome.shell.extensions.public-ip-address">
        <key type="s" name="map-tile-coords">
            <default>''</default>
            <summary>Coords for map tile image</summary>
        </key>
        <key type="b" name="panel-vpn-icons">
            <default>true</default>
            <summary>Enable/Disable VPN status icons in the panel</summary>
        </key>
        <key type="b" name="panel-vpn-icon-colors">
            <default>true</default>
            <summary>Enable/Disable VPN status colors for VPN icon in the panel</summary>
        </key>
        <key type="b" name="panel-vpn-ip-addr-colors">
            <default>false</default>
            <summary>Enable/Disable VPN status colors for IP text in the panel</summary>
        </key>
        <key name="position-in-panel" enum="org.gnome.shell.extensions.public-ip-address.position">
            <default>'right'</default>
            <summary>Position in Panel</summary>
        </key>
        <key name="actors-in-panel" enum="org.gnome.shell.extensions.public-ip-address.panel-actors">
            <default>'Flag and IP Address'</default>
            <summary>Position in Panel</summary>
        </key>
    </schema>
</schemalist>
