{
  "_generated": "Generated by SweetTooth, do not edit",
  "data-dir": "draw-on-your-screen",
  "description": "This is a fork from Abakk Draw On Your Screen. Start drawing with Super+Alt+D and save your beautiful work by taking a screenshot",
  "gettext-domain": "draw-on-your-screen",
  "name": "Draw On Your Screen 2",
  "persistent-file-name": "persistent",
  "settings-schema": "org.gnome.shell.extensions.draw-on-your-screen",
  "shell-version": [
    "42",
    "43"
  ],
  "svg-file-name": "DrawOnYourScreen",
  "url": "https://github.com/zhrexl/DrawOnYourScreen2",
  "uuid": "draw-on-your-screen2@zhrexl.github.com",
  "version": 5
}