{
  "_generated": "Generated by SweetTooth, do not edit",
  "description": "Displays useful information about your public IP Address\n\nIP Finder displays information about your public IP address, hostname, country, AS Block, as well as  a map tile of your Geolocation and country flag,  this extension is Also Useful for informational purposes to monitor VPN changes and public network IP Addresses.\n\n=====================\nIP Finder can monitor in real time\n=====================\n*Wireguard connections\n*OpenVPN connections\n*IPV4/6 connections\n*Proxy connections\n*VPN vendor applications\n*Manual static IP changes\n\n====================\nIP Finder has added security\n====================\nNewly developed revised code base using open technologies and using API's for Public IP and Map Tile image locations using GET requests over HTTPS for a added layer of encrypted  Security, Please see source code for more details.\n\n====================\nCompatible GNOME shell - 3.36 and newer.",
  "extension-id": "ip-finder",
  "gettext-domain": "ip-finder",
  "name": "IP Finder",
  "settings-schema": "org.gnome.shell.extensions.public-ip-address",
  "shell-version": [
    "42"
  ],
  "url": "https://gitlab.com/LinxGem33/IP-Finder",
  "uuid": "IP-Finder@linxgem33.com",
  "version": 10
}