<?xml version="1.0" encoding="UTF-8"?>
<schemalist gettext-domain="com-github-Ory0n-Resource_Monitor">
    <schema id="com.github.Ory0n.Resource_Monitor" path="/com/github/Ory0n/Resource_Monitor/">
        <key name="refreshtime" type="i">
            <default>2</default>
            <summary></summary>
            <description></description>
        </key>
        <key name="extensionposition" type="s">
            <default>"right"</default>
            <summary></summary>
            <description></description>
        </key>
        <key name="decimalsstatus" type="b">
            <default>true</default>
            <summary></summary>
            <description></description>
        </key>
        <key name="leftclickstatus" type="s">
            <default>"gnome-system-monitor"</default>
            <summary></summary>
            <description></description>
        </key>
        <key name="customleftclickstatus" type="s">
            <default>"custom-program"</default>
            <summary></summary>
            <description></description>
        </key>
        <key name="rightclickstatus" type="b">
            <default>true</default>
            <summary></summary>
            <description></description>
        </key>
        <key name="iconsstatus" type="b">
            <default>true</default>
            <summary></summary>
            <description></description>
        </key>
        <key name="iconsposition" type="s">
            <default>"right"</default>
            <summary></summary>
            <description></description>
        </key>
        <key name="itemsposition" type="as">
            <default>["cpu", "ram", "swap", "stats", "space", "eth", "wlan", "gpu"]</default>
            <summary></summary>
            <description></description>
        </key>
        <key name="cpustatus" type="b">
            <default>true</default>
            <summary></summary>
            <description></description>
        </key>
        <key name="cpuwidth" type="i">
            <default>0</default>
            <summary></summary>
            <description></description>
        </key>
        <key name="cpufrequencystatus" type="b">
            <default>false</default>
            <summary></summary>
            <description></description>
        </key>
        <key name="cpufrequencywidth" type="i">
            <default>0</default>
            <summary></summary>
            <description></description>
        </key>
        <key name="cpufrequencyunitmeasure" type="s">
            <default>"auto"</default>
            <summary></summary>
            <description></description>
        </key>
        <key name="cpuloadaveragestatus" type="b">
            <default>false</default>
            <summary></summary>
            <description></description>
        </key>
        <key name="cpuloadaveragewidth" type="i">
            <default>0</default>
            <summary></summary>
            <description></description>
        </key>
        <key name="ramstatus" type="b">
            <default>true</default>
            <summary></summary>
            <description></description>
        </key>
        <key name="ramwidth" type="i">
            <default>0</default>
            <summary></summary>
            <description></description>
        </key>
        <key name="ramunit" type="s">
            <default>"numeric"</default>
            <summary></summary>
            <description></description>
        </key>
        <key name="ramunitmeasure" type="s">
            <default>"auto"</default>
            <summary></summary>
            <description></description>
        </key>
        <key name="rammonitor" type="s">
            <default>"used"</default>
            <summary></summary>
            <description></description>
        </key>
        <key name="swapstatus" type="b">
            <default>false</default>
            <summary></summary>
            <description></description>
        </key>
        <key name="swapwidth" type="i">
            <default>0</default>
            <summary></summary>
            <description></description>
        </key>
        <key name="swapunit" type="s">
            <default>"numeric"</default>
            <summary></summary>
            <description></description>
        </key>
        <key name="swapunitmeasure" type="s">
            <default>"auto"</default>
            <summary></summary>
            <description></description>
        </key>
        <key name="swapmonitor" type="s">
            <default>"used"</default>
            <summary></summary>
            <description></description>
        </key>
        <key name="diskstatsstatus" type="b">
            <default>true</default>
            <summary></summary>
            <description></description>
        </key>
        <key name="diskstatswidth" type="i">
            <default>0</default>
            <summary></summary>
            <description></description>
        </key>
        <key name="diskstatsmode" type="s">
            <default>"multiple"</default>
            <summary></summary>
            <description></description>
        </key>
        <key name="diskstatsunitmeasure" type="s">
            <default>"auto"</default>
            <summary></summary>
            <description></description>
        </key>
        <key name="diskspacestatus" type="b">
            <default>true</default>
            <summary></summary>
            <description></description>
        </key>
        <key name="diskspacewidth" type="i">
            <default>0</default>
            <summary></summary>
            <description></description>
        </key>
        <key name="diskspaceunit" type="s">
            <default>"numeric"</default>
            <summary></summary>
            <description></description>
        </key>
        <key name="diskspaceunitmeasure" type="s">
            <default>"auto"</default>
            <summary></summary>
            <description></description>
        </key>
        <key name="diskspacemonitor" type="s">
            <default>"used"</default>
            <summary></summary>
            <description></description>
        </key>
        <key name="diskdevicesdisplayall" type="b">
            <default>false</default>
            <summary></summary>
            <description></description>
        </key>
        <key name="diskdeviceslist" type="as">
            <default>[]</default>
            <summary></summary>
            <description></description>
        </key>
        <key name="netautohidestatus" type="b">
            <default>false</default>
            <summary></summary>
            <description></description>
        </key>
        <key name="netunit" type="s">
            <default>"bytes"</default>
            <summary></summary>
            <description></description>
        </key>
        <key name="netunitmeasure" type="s">
            <default>"auto"</default>
            <summary></summary>
            <description></description>
        </key>
        <key name="netethstatus" type="b">
            <default>true</default>
            <summary></summary>
            <description></description>
        </key>
        <key name="netethwidth" type="i">
            <default>0</default>
            <summary></summary>
            <description></description>
        </key>
        <key name="netwlanstatus" type="b">
            <default>true</default>
            <summary></summary>
            <description></description>
        </key>
        <key name="netwlanwidth" type="i">
            <default>0</default>
            <summary></summary>
            <description></description>
        </key>
        <key name="thermaltemperatureunit" type="s">
            <default>"c"</default>
            <summary></summary>
            <description></description>
        </key>
        <key name="thermalcputemperaturestatus" type="b">
            <default>false</default>
            <summary></summary>
            <description></description>
        </key>
        <key name="thermalcputemperaturewidth" type="i">
            <default>0</default>
            <summary></summary>
            <description></description>
        </key>
        <key name="thermalcputemperaturedeviceslist" type="as">
            <default>[]</default>
            <summary></summary>
            <description></description>
        </key>
        <key name="thermalgputemperaturestatus" type="b">
            <default>false</default>
            <summary></summary>
            <description></description>
        </key>
        <key name="thermalgputemperaturewidth" type="i">
            <default>0</default>
            <summary></summary>
            <description></description>
        </key>
        <key name="thermalgputemperaturedeviceslist" type="as">
            <default>[]</default>
            <summary></summary>
            <description></description>
        </key>
        <key name="gpustatus" type="b">
            <default>false</default>
            <summary></summary>
            <description></description>
        </key>
        <key name="gpuwidth" type="i">
            <default>0</default>
            <summary></summary>
            <description></description>
        </key>
        <key name="gpumemoryunit" type="s">
            <default>"numeric"</default>
            <summary></summary>
            <description></description>
        </key>
        <key name="gpumemoryunitmeasure" type="s">
            <default>"auto"</default>
            <summary></summary>
            <description></description>
        </key>
        <key name="gpumemorymonitor" type="s">
            <default>"used"</default>
            <summary></summary>
            <description></description>
        </key>
        <key name="gpudisplaydevicename" type="b">
            <default>true</default>
            <summary></summary>
            <description></description>
        </key>
        <key name="gpudeviceslist" type="as">
            <default>[]</default>
            <summary></summary>
            <description></description>
        </key>
    </schema>
</schemalist>
