{
  "_generated": "Generated by SweetTooth, do not edit",
  "description": "Whenever there is an unread notification (e.g. chat messages), blinks the message in the user's menu with a color chosen by the user.\n\nNow configurable (3.4+ only)!! Alert color and blink rate can be changed on settings ;)\n\nIf you have any question, be sure to take a look at the FAQ:\nhttp://goo.gl/lmwtW",
  "gettext-domain": "gnome-shell-notifications-alert",
  "name": "Notifications Alert",
  "original-authors": [
    "Thiago Bellini"
  ],
  "settings-schema": "org.gnome.shell.extensions.notifications-alert",
  "shell-version": [
    "40",
    "41",
    "42",
    "43",
    "44"
  ],
  "url": "https://github.com/bellini666/gnome-shell-notifications-alert",
  "uuid": "notifications-alert-on-user-menu@hackedbellini.gmail.com",
  "version": 47
}