{
  "_generated": "Generated by SweetTooth, do not edit",
  "description": "Control volume output per-application\n\n\nAfter installing or updating the extension, an error may appear and you will need to log out and back into GNOME to activate the extension.",
  "name": "Application Volume Mixer",
  "orginal-author": "mymindstorm@evermiss.net",
  "shell-version": [
    "42"
  ],
  "url": "https://github.com/mymindstorm/gnome-volume-mixer",
  "uuid": "volume-mixer@evermiss.net",
  "version": 11
}