{
  "_generated": "Generated by SweetTooth, do not edit",
  "author": "Giuseppe Silvestro",
  "description": "Monitor the use of system resources like cpu, ram, disk, network and display them in gnome shell top bar.",
  "gettext-domain": "com-github-Ory0n-Resource_Monitor",
  "name": "Resource Monitor",
  "settings-schema": "com.github.Ory0n.Resource_Monitor",
  "shell-version": [
    "40",
    "41",
    "42",
    "43",
    "44"
  ],
  "url": "https://github.com/0ry0n/Resource_Monitor/",
  "uuid": "Resource_Monitor@Ory0n",
  "version": 19
}